{
    "pic_font_list": [{
            "id": 1,
            "img": "/music/img/1.jpg",
            "font": "<p>怕什么路途遥远</p><p>一步有一步的风景</p><p>一步有一步的欢喜</p><p>幸福,在路上</p>"
        },
        {
            "id": 2,
            "img": "/music/img/2.jpg",
            "font": "<p>对的人</p><p>晚一点再遇见吧</p><p>这样等我们都足够成熟了</p><p>就再也不会莫名其妙地分开了</p>"
        },
        {
            "id": 3,
            "img": "/music/img/3.jpg",
            "font": "<p>人生充满了起起落落</p><p>关键在于</p><p>在顶端时好好享受,在低谷时不失勇气</p>"
        },
        {
            "id": 4,
            "img": "/music/img/4.jpg",
            "font": "<p>渐渐的</p><p>打动我们的不再是那句我爱你</p><p>而是一句我陪你</p><p>爱情不是终点</p><p>陪伴才是归宿</p>"
        },
        {
            "id": 5,
            "img": "/music/img/5.jpg",
            "font": "<p>有人觉得情商高就是会说话</p><p>真正的情商高并不是圆滑客套</p><p>而是温暖真诚</p><p>懂得换位思考</p><p>让人如浴春风</p><p>百处不厌</p>"
        },
        {
            "id": 6,
            "img": "/music/img/6.jpg",
            "font": "<p>去找一个温暖如太阳的人</p><p>为你晒掉所有不值一提的悲伤</p>"
        },
        {
            "id": 7,
            "img": "/music/img/7.jpg",
            "font": "<p>努力从来不会白费</p><p>今日撒下的种子</p><p>正在你看不见</p><p>想不到的某处</p><p>悄悄地生根发芽</p>"
        },
        {
            "id": 8,
            "img": "/music/img/8.jpg",
            "font": "<p>往事就此不提了</p><p>夜还很长</p><p>余生也是</p><p>需要留点力气</p><p>重新等待</p><p>等等后来的人</p>"
        },
        {
            "id": 9,
            "img": "/music/img/9.jpg",
            "font": "<p>大概一个人久了</p><p>可以忍受的孤独指数也在不断增加</p><p>那些过去以为两个人一起完成才最浪漫的事</p><p>慢慢的我都自己去实现了</p>"
        },
        {
            "id": 10,
            "img": "/music/img/10.jpg",
            "font": "<p>别人都祝你快乐</p><p>而我只愿你历经山河仍觉得人间值得</p>"
        },
        {
            "id": 11,
            "img": "/music/img/11.jpg",
            "font": "<p>没有什么是一定要的</p><p>如果说有<p/><p>那就是对自己好</p>"
        },
        {
            "id": 12,
            "img": "/music/img/12.jpg",
            "font": "<p>咬到舌头才知道吃东西不能太急</p><p>爱过错的人才知道不是执着就能在一起</p>"
        },
        {
            "id": 13,
            "img": "/music/img/13.jpg",
            "font": "<p>有人说你变了的时候</p><p>别慌</p><p>不过是因为你不再按他们的方式生活罢了</p>"
        },
        {
            "id": 14,
            "img": "/music/img/14.jpg",
            "font": "<p>如果因为你开玩笑让别人生气了</p><p>你就应该反省道歉</p><p>而不是说你怎么那么敏感</p>"
        },
        {
            "id": 15,
            "img": "/music/img/15.jpg",
            "font": "<p>人生就是一本书</p><p>封面是父母给的</p><p>内容是自己写的</p>"
        },
        {
            "id": 16,
            "img": "/music/img/16.jpg",
            "font": "<p>你跟别人的差距不在于你走得慢</p><p>别人走的时候你只是一直在看</p>"
        },
        {
            "id": 17,
            "img": "/music/img/17.jpg",
            "font": "<p>你以为天要塌下来了</p><p>其实是你自己站歪了</p><p>如果你走了错路</p><p>请记住:上帝是允许你掉头的</p>"
        },
        {
            "id": 18,
            "img": "/music/img/18.jpg",
            "font": "<p>一个男人变强大的最好方式</p><p>就是拥有一个想要去保护的人</p>"
        },
        {
            "id": 19,
            "img": "/music/img/19.jpg",
            "font": "<p>失望只有两种可能</p><p>选错了人</p><p>怀有不该有的期待</p>"
        },
        {
            "id": 20,
            "img": "/music/img/20.jpg",
            "font": "<p>无论谁离开了你</p><p>别忘了他没来之前</p><p>你本就是一个人的生活</p>"
        },
        {
            "id": 21,
            "img": "/music/img/21.jpg",
            "font": "<p>爱情里有两种遗憾</p><p>一种是你曾经用力爱过</p><p>最后却发现根本不值得</p><p>另一种是你没有好好去爱</p><p>失去才发现</p><p>那是一个真正值得的人</p>"
        },
        {
            "id": 22,
            "img": "/music/img/22.jpg",
            "font": "<p>有一天你会发现</p><p>你的前半生都是为遇到某个人做准备的</p>"
        },
        {
            "id": 23,
            "img": "/music/img/23.jpg",
            "font": "<p>能让我忘记的</p><p>不是你分手后的冷漠</p><p>而是从我知道你拥有下一个人的时候</p>"
        },
        {
            "id": 24,
            "img": "/music/img/24.jpg",
            "font": "<p>岁月很长人海茫茫</p><p>别回头也别将就</p>"
        },
        {
            "id": 25,
            "img": "/music/img/25.jpg",
            "font": "<p>一句对不起</p><p>从此有了故事没了你</p>"
        },
        {
            "id": 26,
            "img": "/music/img/26.jpg",
            "font": "<p>薄情才被念念不忘</p><p>深情永远都被辜负</p>"
        },
        {
            "id": 27,
            "img": "/music/img/27.jpg",
            "font": "<p>可以做朋友吗?</p><p>这是故事的开始</p><p>还可以做朋友吗?</p><p>这是故事的结尾</p>"
        },
        {
            "id": 28,
            "img": "/music/img/28.jpg",
            "font": "<p>我能给你最后的温柔</p><p>那便是放手给你想要的生活</p>"
        },
        {
            "id": 29,
            "img": "/music/img/29.jpg",
            "font": "<p>你的眉目笑语使我病了一场</p><p>热势退尽还我寂寞的健康</p>"
        },
        {
            "id": 30,
            "img": "/music/img/30.jpg",
            "font": "<p>有些晚安只是礼貌</p><p>有些晚安却是我爱你</p>"
        },
        {
            "id": 31,
            "img": "/music/img/31.jpg",
            "font": "<p>许多事不要害怕做错</p><p>即使错了</p><p>也不必懊恼人生就是对对错错</p><p>回头看来</p><p>对错已经无所谓了</p>"
        },
        {
            "id": 32,
            "img": "/music/img/32.jpg",
            "font": "<p>世间所有不尽人意之事</p><p>全靠硬扛接受成长</p><p>也接受所有的不欢而散</p>"
        },
        {
            "id": 33,
            "img": "/music/img/33.jpg",
            "font": "<p>别人怎么对待我</p><p>这是我的因果</p><p>我怎么对待别人</p><p>这是我的修行</p>"
        },
        {
            "id": 34,
            "img": "/music/img/34.jpg",
            "font": "<p>你要储蓄你的可爱</p><p>眷顾你的善良变得勇敢</p><p>当这个世界越来越坏时</p><p>只希望你能越来越好</p><p>岁月很长</p><p>人海茫茫</p><p>你别回头</p><p>也别将就</p>"
        },
        {
            "id": 35,
            "img": "/music/img/35.jpg",
            "font": "<p>愿你能做自己的太阳</p><p>与山川湖海为伴</p><p>自信勇敢</p><p>保持善良</p>"
        },
        {
            "id": 36,
            "img": "/music/img/36.jpg",
            "font": "<p>不管昨夜你经历了怎样的泣不成声</p><p>早晨醒来这个城市依旧车水马龙</p><p>成长</p><p>大概就是将你哭声调成静音的过程</p>"
        },
        {
            "id": 37,
            "img": "/music/img/37.jpg",
            "font": "<p>生活在喜怒哀乐间</p><p>走走停停</p><p>不知道会遇见什么</p><p>只知道阳光这么好</p><p>别辜负了今天</p>"
        },
        {
            "id": 38,
            "img": "/music/img/38.jpg",
            "font": "<p>成年人交际守则</p><p>对不喜欢的人可以远离的就远离</p><p>不能远离的就在心里保持距离</p>"
        },
        {
            "id": 39,
            "img": "/music/img/39.jpg",
            "font": "<p>你要不顾一切让自己变得漂亮</p><p>即使是在那些糟糕的日子里</p>"
        },
        {
            "id": 40,
            "img": "/music/img/40.jpg",
            "font": "<p>不管前方的路有多苦</p><p>只要走的方向正确</p><p>不管多么崎岖不平</p><p>都比站在原地更接近幸福</p>"
        }

    ]
}