{
    "music_list": [{
            "id": 1,
            "filename": "倾尽天下",
            "singer": "河图",
            "music_bg": "https://imgessl.kugou.com/stdmusic/20160907/20160907181602170725.jpg",
            "url": "/music/mp3/1.mp3"

        }, {
            "id": 2,
            "filename": "狐言",
            "singer": "河图",
            "music_bg": "https://imgessl.kugou.com/stdmusic/20160601/20160601163630604616.jpg",
            "url": "/music/mp3/2.mp3"
        }, {

            "id": 3,
            "filename": "风起天阑",
            "singer": "河图",
            "music_bg": "https://imgessl.kugou.com/stdmusic/20160907/20160907181600582102.jpg",
            "url": "/music/mp3/3.mp3"
        }, {
            "id": 4,
            "filename": "寒衣调",
            "singer": "河图",
            "music_bg": "https://imgessl.kugou.com/stdmusic/20160907/20160907181602170725.jpg",
            "url": "/music/mp3/4.mp3"

        }, {
            "id": 5,
            "filename": "伶仃谣",
            "singer": "河图",
            "music_bg": "https://imgessl.kugou.com/stdmusic/20160907/20160907181600582102.jpg",
            "url": "/music/mp3/5.mp3"

        }, {
            "id": 6,
            "filename": "隐",
            "singer": "河图",
            "music_bg": "http://imge.kugou.com//stdmusic//20150717//20150717130427288998.jpg",
            "url": "/music/mp3/6.mp3"
        }, {
            "id": 7,
            "filename": "凤凰劫",
            "singer": "河图",
            "music_bg": "https://imgessl.kugou.com/stdmusic/20160907/20160907181602170725.jpg",
            "url": "/music/mp3/7.mp3"
        }, {
            "id": 8,
            "filename": "不见长安",
            "singer": "河图",
            "music_bg": "https://imgessl.kugou.com/stdmusic/20160907/20160907181600582102.jpg",
            "url": "/music/mp3/8.mp3"

        }, {
            "id": 9,
            "filename": "燃尽人间色",
            "singer": "河图",
            "music_bg": "http://singerimg.kugou.com//uploadpic//softhead//400//20150729//20150729131327184272.jpg",
            "url": "/music/mp3/9.mp3"
        }, {
            "id": 10,
            "filename": "典狱司",
            "singer": "音频怪物",
            "music_bg": "https://imgessl.kugou.com/stdmusic/20160707/20160707130312369283.jpg",
            "url": "/music/mp3/10.mp3"
        }, {
            "id": 11,
            "filename": "琴师",
            "singer": "音频怪物",
            "music_bg": "https://imgessl.kugou.com/stdmusic/20160907/20160907201356946374.jpg",
            "url": "/music/mp3/11.mp3"
        }, {
            "id": 12,
            "filename": "百鬼夜行",
            "singer": "音频怪物",
            "music_bg": "https://imgessl.kugou.com/stdmusic/20160909/20160909010322543516.jpg",
            "url": "/music/mp3/12.mp3"
        }, {
            "id": 13,
            "filename": "业火苍云歌",
            "singer": "音频怪物",
            "music_bg": "https://imgessl.kugou.com/stdmusic/20160907/20160907201339740236.jpg",
            "url": "/music/mp3/13.mp3"
        }, {
            "id": 14,
            "filename": "主宰",
            "singer": "音频怪物",
            "music_bg": "https://imgessl.kugou.com/stdmusic/20150715/20150715225238678044.jpg",
            "url": "/music/mp3/14.mp3"
        }, {
            "id": 15,
            "filename": "长安忆",
            "singer": "双笙",
            "music_bg": "https://imgessl.kugou.com/stdmusic/20181127/20181127161100164919.jpg",
            "url": "/music/mp3/15.mp3"
        }, {
            "id": 16,
            "filename": "大鱼",
            "singer": "双笙",
            "music_bg": "https://imgessl.kugou.com/stdmusic/20190227/20190227115945533201.jpg",
            "url": "/music/mp3/16.mp3"
        }, {
            "id": 17,
            "filename": "采茶纪",
            "singer": "双笙",
            "music_bg": "https://imgessl.kugou.com/stdmusic/20161030/20161030190810118018.jpg",
            "url": "/music/mp3/17.mp3"
        }, {
            "id": 18,
            "filename": "故梦",
            "singer": "双笙",
            "music_bg": "https://imgessl.kugou.com/stdmusic/20161031/20161031031155638803.jpg",
            "url": "/music/mp3/18.mp3"
        }, {
            "id": 19,
            "filename": "葬花吟",
            "singer": "双笙",
            "music_bg": "https://imgessl.kugou.com/stdmusic/20161217/20161217145718457412.jpg",
            "url": "/music/mp3/19.mp3"
        }
         , {
            "id": 20,
            "filename": "清明上河图",
            "singer": "排骨教主",
            "music_bg": "https://imgessl.kugou.com/stdmusic/20170403/20170403160038930532.jpg",
            "url": "/music/mp3/20.mp3"
        },  {
            "id": 21,
            "filename": "君临天下",
            "singer": "排骨教主",
            "music_bg": "https://imgessl.kugou.com/stdmusic/20160521/20160521010220577088.jpg",
            "url": "/music/mp3/21.mp3"
        }, {
            "id": 22,
            "filename": "牵丝戏",
            "singer": "排骨教主",
            "music_bg": "https://imgessl.kugou.com/stdmusic/20160521/20160521010220577088.jpg",
            "url": "/music/mp3/22.mp3"
        }
    ]
}